name,protein_cheese_sub,salad_allium,fruit,veg,"“CHEESE,” VEGAN",AÇAI,"ALMONDS (and UNSWEETENED ALMOND BUTTER; see also MILK, ALMOND)","ALMONDS, MARCONA","APPLES (and APPLE CIDER, APPLE JUICE and/or APPLESAUCE)","APRICOTS (see also APRICOTS, DRIED)",ARUGULA (aka ROCKET),AVOCADO,BANANAS,BEETS,"BELL PEPPERS—IN GENERAL, or MIXED",BLACKBERRIES (see also BERRIES),BLUEBERRIES,"BREAD CRUMBS, PANKO","BREAD CRUMBS, WHOLE-GRAIN",BROCCOLI,BROCCOLI RABE (aka BROCCOLI RAAB or RAPINI),BROCCOLINI,"CABBAGE, CHINESE (aka NAPA CABBAGE; see also BOK CHOY)","CABBAGE, GREEN","CABBAGE, RED",CARROTS,CASHEWS and CASHEW NUT BUTTER,CAULIFLOWER,CELERY,"CHEESE, CHEDDAR","CHEESE, FETA","CHEESE, GOAT","CHEESE, PARMESAN","CHEESE, PECORINO","CHEESE, SMOKED MOZZARELLA","CHERRIES, SOUR and SWEET",CHESTNUTS,CHIA SEEDS,CHIVES,"CHIVES, GARLIC (aka CHINESE CHIVES)",CILANTRO (aka CHINESE PARSLEY or FRESH CORIANDER LEAF),"COCONUT, COCONUT CREAM, and COCONUT MILK (see also COCONUT BUTTER, COCONUT NECTAR, COCONUT WATER, and MILK, COCONUT)",CORN,CRANBERRIES,CUCUMBERS,DAIKON,DATES,"EGGS, HARD-BOILED",ENDIVE (aka BELGIAN ENDIVE),FENNEL,FENNEL FRONDS (or LEAVES),"FIGS (see also FIGS, DRIED)",FLAXSEEDS,"FLOWERS, EDIBLE",GARLIC,GARLIC SCAPES,"GARLIC, BLACK","GARLIC, GREEN (aka BABY GARLIC or SPRING GARLIC)",GRAPEFRUIT,GRAPES (and GRAPE JUICE),"GREENS, DANDELION",HAZELNUTS (aka FILBERTS),HUCKLEBERRIES,"KELP, KELP GRANULES, and KELP POWDER (see also ARAME, KOMBU, SEA VEGETABLES, and WAKAME)",KIWI (aka KIWIFRUIT),KUMQUAT,LEEKS,LEMONS,"LEMONS, MEYER","LETTUCE, BUTTER (aka BIBB or BOSTON LETTUCE)","LETTUCE, LAMB’S (aka CORN SALAD or MCHE)","LETTUCE, ROMAINE","LIMES (e.g., JUICE, ZEST)",MANGOES,"MELON, CANTALOUPE","MELON, HONEYDEW","MELON, WINTER","MUSHROOMS, BUTTON (aka WHITE MUSHROOMS)","MUSHROOMS, PORTOBELLO",NECTARINES (see also tips for PEACHES),NORI (aka LAVER),NUTRITIONAL YEAST (aka affectionately as NOOCH),"NUTS, BRAZIL","NUTS, MACADAMIA","OIL, COCONUT","OIL, FLAXSEED","OIL, OLIVE","OIL, SESAME","OLIVES, KALAMATA","OLIVES, MANZANILLA (aka SPANISH OLIVES)","OLIVES, NIÇOISE","OLIVES, PICHOLINE","ONIONS, CIPOLLINI","ONIONS, PEARL","ONIONS, RED (see also ONIONS)","ONIONS, SPRING (see also SCALLIONS)","ONIONS, VIDALIA","ORANGES, BLOOD (see also ORANGES)","ORANGES, MANDARIN","ORANGES, ORANGE JUICE, and ORANGE ZEST","PAPAYA (i.e., RED)",PASSION FRUIT,PEACHES,PEANUTS and PEANUT BUTTER,PEARS—IN GENERAL,PECANS,"PEPPER, BLACK","PEPPER, ESPELETTE","PEPPER, SZECHUAN","PEPPER, WHITE",PINE NUTS (aka PIGNOLI),PINEAPPLE,PISTACHIOS,PLUMS,POMEGRANATES and POMEGRANATE JUICE (see also POMEGRANATE MOLASSES),RADISHES—IN GENERAL (see also DAIKON),RAISINS,RASPBERRIES,"SALT, BLACK","SALT, HIMALAYAN","SALT, KOSHER","SALT, SEA","SALT, SMOKED","SALT, TRUFFLE",SCALLIONS (aka GREEN ONIONS or SPRING ONIONS),"SEEDS, HEMP","SEEDS, PUMPKIN","SEEDS, SUNFLOWER",SHALLOTS,SNOW PEAS (aka CHINESE PEA PODS) (see also SUGAR SNAP PEAS),SORREL,SPINACH,"SPROUTS, ALFALFA","SPROUTS, BROCCOLI","SPROUTS, CHICKPEA","SPROUTS, CLOVER","SPROUTS, DAIKON (see also SPROUTS, RADISH)","SPROUTS, LENTIL","SPROUTS, PEA","SPROUTS, SUNFLOWER SEED",STAR FRUIT (aka CARAMBOLA),STRAWBERRIES,SUGAR SNAP PEAS (aka SNAP PEAS),"TOMATOES, SUN-DRIED (or OVEN-DRIED TOMATOES)","TOMATOES, TOMATO JUICE, TOMATO PASTE, and TOMATO SAUCE","VINEGAR, APPLE CIDER (aka VINEGAR, CIDER)","VINEGAR, BALSAMIC","VINEGAR, BROWN RICE (aka CHINESE BLACK VINEGAR)","VINEGAR, RED WINE (see also VINEGAR, WINE–IN GENERAL)","VINEGAR, RICE (WINE)","VINEGAR, SHERRY","VINEGAR, WINE—IN GENERAL",WALNUTS,WATERMELON,"ZUCCHINI (see also SQUASH, SUMMER)"
CHIVES,,y,,y,,y,,,y,y,,,y,,,y,y,,,,,,,,,,,,,,,,,,,y,,,,x,x,x,x,x,x,x,x,x,x,x,x,x,x,x,x,x,x,x,x,x,x,x,x,x,x,x,x,x,,x,x,x,x,x,x,x,x,x,x,x,x,x,x,x,x,x,x,x,x,x,x,x,x,x,x,x,x,x,x,x,x,x,x,x,x,x,x,x,x,x,x,x,x,x,x,x,x,x,x,x,x,x,x,x,x,x,x,x,x,x,x,x,x,x,x,x,x,x,x,x,x,x,x,x,x,x,x,x,x,x,x,x,x,x,x
"CHIVES, GARLIC (aka CHINESE CHIVES)",,y,,y,,y,,,y,y,,,y,,,y,y,,,,,,,,,,,,,,,,,,,y,,,,,x,x,x,x,x,x,x,x,x,x,x,x,x,x,x,x,x,x,x,x,x,x,x,x,x,x,x,x,,x,x,x,x,x,x,x,x,x,x,x,x,x,x,x,x,x,x,x,x,x,x,x,x,x,x,x,x,x,x,x,x,x,x,x,x,x,x,x,x,x,x,x,x,x,x,x,x,x,x,x,x,x,x,x,x,x,x,x,x,x,x,x,x,x,x,x,x,x,x,x,x,x,x,x,x,x,x,x,x,x,x,x,x,x,x
GARLIC,,y,,y,,Y,,,Y,Y,,,Y,,,Y,Y,,,,,,,,,,,,,,,,,,,Y,,,y,y,,,,,,,,,,,,Y,,,,x,x,x,,,x,x,,x,,x,x,,,x,x,x,x,,,,,x,x,,x,x,x,x,x,x,x,x,x,x,x,x,x,x,x,x,x,,,,,,,x,,x,x,x,x,x,x,,x,x,,x,x,,x,x,x,x,x,x,x,x,x,x,x,x,x,x,x,x,x,x,x,x,x,x,x,x,x,x,x,x,x,x,x,x,x,x,x,,x
GARLIC SCAPES,,y,,y,,Y,,,Y,Y,,,Y,,,Y,Y,,,,,,,,,,,,,,,,,,,Y,,,,,,,,,,,,,,,,Y,,,,,x,x,,,x,x,,x,,x,x,,,x,x,x,x,,,,,x,x,,x,x,x,x,x,x,x,x,x,x,x,x,x,x,x,x,x,,,,,,,x,,x,x,x,x,x,x,,x,x,,x,x,,x,x,x,x,x,x,x,x,x,x,x,x,x,x,x,x,x,x,x,x,x,x,x,x,x,x,x,x,x,x,x,x,x,x,x,,x
"GARLIC, BLACK",,y,,y,,Y,,,Y,Y,,,Y,,,Y,Y,,,,,,,,,,,,,,,,,,,Y,,,,,,,,,,,,,,,,Y,,,,,,x,,,x,x,,x,,x,x,,,x,x,x,x,,,,,x,x,,x,x,x,x,x,x,x,x,x,x,x,x,x,x,x,x,x,,,,,,,x,,x,x,x,x,x,x,,x,x,,x,x,,x,x,x,x,x,x,x,x,x,x,x,x,x,x,x,x,x,x,x,x,x,x,x,x,x,x,x,x,x,x,x,x,x,x,x,,x
"GARLIC, GREEN (aka BABY GARLIC or SPRING GARLIC)",,y,,y,,Y,,,Y,Y,,,Y,,,Y,Y,,,,,,,,,,,,,,,,,,,Y,,,,,,,,,,,,,,,,Y,,,,,,,,,x,x,,x,,x,x,,,x,x,x,x,,,,,x,x,,x,x,x,x,x,x,x,x,x,x,x,x,x,x,x,x,x,,,,,,,x,,x,x,x,x,x,x,,x,x,,x,x,,x,x,x,x,x,x,x,x,x,x,x,x,x,x,x,x,x,x,x,x,x,x,x,x,x,x,x,x,x,x,x,x,x,x,x,,x
LEEKS,,y,,y,,Y,,,Y,Y,,,Y,,,Y,Y,,,,,,,,,,,,,,,,,,,Y,,,,,,,,,,,,,,,,Y,,,,,,,Y,Y,,,Y,,Y,Y,,,,x,x,x,x,,,,,x,x,,x,x,x,x,x,x,x,x,x,x,x,x,x,x,x,x,x,,,,,,,x,,x,x,x,x,x,x,,x,x,,x,x,,x,x,x,x,x,x,x,x,x,x,x,x,x,x,x,x,x,x,x,x,x,x,x,x,x,x,x,x,x,x,x,x,x,x,x,,x
"ONIONS, CIPOLLINI",,y,,y,,Y,,,Y,Y,,,Y,,,Y,Y,,,,,,,,,,,,,,,,,,,Y,,,,,,,,,,,,,,,,Y,,,,,,,Y,Y,,,Y,,Y,Y,,,,,,,,Y,Y,Y,Y,,,Y,,,,,,,,,,,,,,x,x,x,x,,,,,,,x,,x,x,x,x,x,x,,x,x,,x,x,,x,x,x,x,x,x,x,x,x,x,x,x,x,x,x,x,x,x,x,x,x,x,x,x,x,x,x,x,x,x,x,x,x,x,x,,x
"ONIONS, PEARL",,y,,y,,Y,,,Y,Y,,,Y,,,Y,Y,,,,,,,,,,,,,,,,,,,Y,,,,,,,,,,,,,,,,Y,,,,,,,Y,Y,,,Y,,Y,Y,,,,,,,,Y,Y,Y,Y,,,Y,,,,,,,,,,,,,,,x,x,x,,,,,,,x,,x,x,x,x,x,x,,x,x,,x,x,,x,x,x,x,x,x,x,x,x,x,x,x,x,x,x,x,x,x,x,x,x,x,x,x,x,x,x,x,x,x,x,x,x,x,x,,x
"ONIONS, RED (see also ONIONS)",,y,,y,,Y,,,Y,Y,,,Y,,,Y,Y,,,,,,,,,,,,,,,,,,,Y,,,,,,,,,,,,,,,,Y,,,,,,,Y,Y,,,Y,,Y,Y,,,,,,,,Y,Y,Y,Y,,,Y,,,,,,,,,,,,,,,,x,x,,,,,,,x,,x,x,x,x,x,x,,x,x,,x,x,,x,x,x,x,x,x,x,x,x,x,x,x,x,x,x,x,x,x,x,x,x,x,x,x,x,x,x,x,x,x,x,x,x,x,x,,x
"ONIONS, SPRING (see also SCALLIONS)",,y,,y,,Y,,,Y,Y,,,Y,,,Y,Y,,,,,,,,,,,,,,,,,,,Y,,,,,,,,,,,,,,,,Y,,,,,,,Y,Y,,,Y,,Y,Y,,,,,,,,Y,Y,Y,Y,,,Y,,,,,,,,,,,,,,,,,x,,,,,,,x,,x,x,x,x,x,x,,x,x,,x,x,,x,x,x,x,x,x,x,x,x,x,x,x,x,x,x,x,x,x,x,x,x,x,x,x,x,x,x,x,x,x,x,x,x,x,x,,x
"ONIONS, VIDALIA",,y,,y,,Y,,,Y,Y,,,Y,,,Y,Y,,,,,,,,,,,,,,,,,,,Y,,,,,,,,,,,,,,,,Y,,,,,,,Y,Y,,,Y,,Y,Y,,,,,,,,Y,Y,Y,Y,,,Y,,,,,,,,,,,,,,,,,,,,,,,,x,,x,x,x,x,x,x,,x,x,,x,x,,x,x,x,x,x,x,x,x,x,x,x,x,x,x,x,x,x,x,x,x,x,x,x,x,x,x,x,x,x,x,x,x,x,x,x,,x
SCALLIONS (aka GREEN ONIONS or SPRING ONIONS),,y,,y,,Y,,,Y,Y,,,Y,,,Y,Y,,,,,,,,,,,,,,,,,,,Y,,,,,,,,,,,,,,,,Y,,,,,,,Y,Y,,,Y,,Y,Y,,,,,,,,Y,Y,Y,Y,,,Y,,,,,,,,,,,,,,,,,,Y,Y,Y,Y,Y,Y,,Y,,,,,,,Y,,,Y,,,Y,,,,,,,,x,x,x,x,x,x,x,x,x,x,x,x,x,x,x,x,x,x,x,x,x,x,x,x,x,x,x,x,,x
SHALLOTS,,y,,y,,Y,,,Y,Y,,,Y,,,Y,Y,,,,,,,,,,,,,,,,,,,Y,,,,,,,,,,,,,,,,Y,,,,,,,Y,Y,,,Y,,Y,Y,,,,,,,,Y,Y,Y,Y,,,Y,,,,,,,,,,,,,,,,,,Y,Y,Y,Y,Y,Y,,Y,,,,,,,Y,,,Y,,,Y,,,,,,,,,,,,x,x,x,x,x,x,x,x,x,x,x,x,x,x,x,x,x,x,x,x,x,x,x,x,,x
ARUGULA (aka ROCKET),,,,y,,,,,,,,x,x,x,x,x,x,x,x,x,x,x,x,x,x,x,x,x,x,x,x,x,x,x,x,x,x,x,x,x,x,x,x,x,x,x,x,x,x,x,x,x,x,x,x,x,x,x,x,x,x,x,x,x,x,x,x,x,,x,x,x,x,x,x,x,x,x,x,x,x,x,x,x,x,x,x,x,x,x,x,x,x,x,x,x,x,x,x,x,x,x,x,x,x,x,x,x,x,x,x,x,x,x,x,x,x,x,x,x,x,x,x,x,x,x,x,x,x,x,x,x,x,x,x,x,x,x,x,x,x,x,x,x,x,x,x,x,x,x,x,x,x,x,x
BEETS,,,,y,,Y,,,y,Y,,,Y,,x,x,x,x,x,x,x,x,x,x,x,x,x,x,x,x,x,x,x,x,x,x,x,x,x,x,x,x,x,x,x,x,x,x,x,x,x,x,x,x,x,x,x,x,x,x,x,x,x,x,x,x,x,x,,x,x,x,x,x,x,x,x,x,x,x,x,x,x,x,x,x,x,x,x,x,x,x,x,x,x,x,x,x,x,x,x,x,x,x,x,x,x,x,x,x,x,x,x,x,x,x,x,x,x,x,x,x,x,x,x,x,x,x,x,x,x,x,x,x,x,x,x,x,x,x,x,x,x,x,x,x,x,x,x,x,x,x,x,x,x
"BELL PEPPERS—IN GENERAL, or MIXED",,,,y,,Y,,,,Y,,,Y,,,,,x,x,x,x,x,x,x,x,x,x,x,x,x,x,x,x,x,x,x,x,x,x,x,x,x,x,x,x,x,x,x,x,x,x,x,x,x,x,x,x,x,x,x,x,x,x,x,x,x,x,x,,x,x,x,x,x,x,x,x,x,x,x,x,x,x,x,x,x,x,x,x,x,x,x,x,x,x,x,x,x,x,x,x,x,x,x,x,x,x,x,x,x,x,x,x,x,x,x,x,x,x,x,x,x,x,x,x,x,x,x,x,x,x,x,x,x,x,x,x,x,x,x,x,x,x,x,x,x,x,x,x,x,x,x,x,x,x
BROCCOLI,,,,y,,Y,,,,Y,,,Y,,,Y,Y,,,,x,x,x,x,x,x,x,x,x,x,x,x,x,x,x,x,x,x,x,x,x,x,x,x,x,x,x,x,x,x,x,x,x,x,x,x,x,x,x,x,x,x,x,x,x,x,x,x,,x,x,x,x,x,x,x,x,x,x,x,x,x,x,x,x,x,x,x,x,x,x,x,x,x,x,x,x,x,x,x,x,x,x,x,x,x,x,x,x,x,x,x,x,x,x,x,x,x,x,x,x,x,x,x,x,x,x,x,x,x,x,x,x,x,x,x,x,x,x,x,x,x,x,x,x,x,x,x,x,x,x,x,x,x,x
BROCCOLI RABE (aka BROCCOLI RAAB or RAPINI),,,,y,,,,,,,,,,,,,,,,,,x,x,x,x,x,x,x,x,x,x,x,x,x,x,x,x,x,x,x,x,x,x,x,x,x,x,x,x,x,x,x,x,x,x,x,x,x,x,x,x,x,x,x,x,x,x,x,,x,x,x,x,x,x,x,x,x,x,x,x,x,x,x,x,x,x,x,x,x,x,x,x,x,x,x,x,x,x,x,x,x,x,x,x,x,x,x,x,x,x,x,x,x,x,x,x,x,x,x,x,x,x,x,x,x,x,x,x,x,x,x,x,x,x,x,x,x,x,x,x,x,x,x,x,x,x,x,x,x,x,x,x,x,x
BROCCOLINI,,,,y,,Y,,,,Y,,,Y,,,Y,Y,,,,,,x,x,x,x,x,x,x,x,x,x,x,x,x,x,x,x,x,x,x,x,x,x,x,x,x,x,x,x,x,x,x,x,x,x,x,x,x,x,x,x,x,x,x,x,x,x,,x,x,x,x,x,x,x,x,x,x,x,x,x,x,x,x,x,x,x,x,x,x,x,x,x,x,x,x,x,x,x,x,x,x,x,x,x,x,x,x,x,x,x,x,x,x,x,x,x,x,x,x,x,x,x,x,x,x,x,x,x,x,x,x,x,x,x,x,x,x,x,x,x,x,x,x,x,x,x,x,x,x,x,x,x,x
"CABBAGE, CHINESE (aka NAPA CABBAGE; see also BOK CHOY)",,,,y,,Y,,,y,Y,,,Y,,,Y,Y,,,,,,,x,x,x,x,x,x,x,x,x,x,x,x,x,x,x,x,x,x,x,x,x,x,x,x,x,x,x,x,x,x,x,x,x,x,x,x,x,x,x,x,x,x,x,x,x,,x,x,x,x,x,x,x,x,x,x,x,x,x,x,x,x,x,x,x,x,x,x,x,x,x,x,x,x,x,x,x,x,x,x,x,x,x,x,x,x,x,x,x,x,x,x,x,x,x,x,x,x,x,x,x,x,x,x,x,x,x,x,x,x,x,x,x,x,x,x,x,x,x,x,x,x,x,x,x,x,x,x,x,x,x,x
"CABBAGE, GREEN",,,,y,,,,,,,,,,,,,,,,,,,,,x,x,x,x,x,x,x,x,x,x,x,x,x,x,x,x,x,x,x,x,x,x,x,x,x,x,x,x,x,x,x,x,x,x,x,x,x,x,x,x,x,x,x,x,,x,x,x,x,x,x,x,x,x,x,x,x,x,x,x,x,x,x,x,x,x,x,x,x,x,x,x,x,x,x,x,x,x,x,x,x,x,x,x,x,x,x,x,x,x,x,x,x,x,x,x,x,x,x,x,x,x,x,x,x,x,x,x,x,x,x,x,x,x,x,x,x,x,x,x,x,x,x,x,x,x,x,x,x,x,x
"CABBAGE, RED",,,,y,,,,,,,,,,,,,,,,,,,,,,x,x,x,x,x,x,x,x,x,x,x,x,x,x,x,x,x,x,x,x,x,x,x,x,x,x,x,x,x,x,x,x,x,x,x,x,x,x,x,x,x,x,x,,x,x,x,x,x,x,x,x,x,x,x,x,x,x,x,x,x,x,x,x,x,x,x,x,x,x,x,x,x,x,x,x,x,x,x,x,x,x,x,x,x,x,x,x,x,x,x,x,x,x,x,x,x,x,x,x,x,x,x,x,x,x,x,x,x,x,x,x,x,x,x,x,x,x,x,x,x,x,x,x,x,x,x,x,x,x
CARROTS,,,,y,,,,,,,,,,,,,,,,,,,,,,,x,x,x,x,x,x,x,x,x,x,x,x,x,x,x,x,x,x,x,x,x,x,x,x,x,x,x,x,x,x,x,x,x,x,x,x,x,x,x,x,x,x,,x,x,x,x,x,x,x,x,x,x,x,x,x,x,x,x,x,x,x,x,x,x,x,x,x,x,x,x,x,x,x,x,x,x,x,x,x,x,x,x,x,x,x,x,x,x,x,x,x,x,x,x,x,x,x,x,x,x,x,x,x,x,x,x,x,x,x,x,x,x,x,x,x,x,x,x,x,x,x,x,x,x,x,x,x,x
CAULIFLOWER,,,,y,,Y,,,y,Y,,,Y,,,Y,Y,,,,,,,,,,,,x,x,x,x,x,x,x,x,x,x,x,x,x,x,x,x,x,x,x,x,x,x,x,x,x,x,x,x,x,x,x,x,x,x,x,x,x,x,x,x,,x,x,x,x,x,x,x,x,x,x,x,x,x,x,x,x,x,x,x,x,x,x,x,x,x,x,x,x,x,x,x,x,x,x,x,x,x,x,x,x,x,x,x,x,x,x,x,x,x,x,x,x,x,x,x,x,x,x,x,x,x,x,x,x,x,x,x,x,x,x,x,x,x,x,x,x,x,x,x,x,x,x,x,x,x,x
CELERY,,,,y,,,,,,,,,,,,,,,,,,,,,,,,,,x,x,x,x,x,x,x,x,x,x,x,x,x,x,x,x,x,x,x,x,x,x,x,x,x,x,x,x,x,x,x,x,x,x,x,x,x,x,x,,x,x,x,x,x,x,x,x,x,x,x,x,x,x,x,x,x,x,x,x,x,x,x,x,x,x,x,x,x,x,x,x,x,x,x,x,x,x,x,x,x,x,x,x,x,x,x,x,x,x,x,x,x,x,x,x,x,x,x,x,x,x,x,x,x,x,x,x,x,x,x,x,x,x,x,x,x,x,x,x,x,x,x,x,x,x
CILANTRO (aka CHINESE PARSLEY or FRESH CORIANDER LEAF),,,,y,,,,,,,,,,,,,,,,,,,,,,,,,,,,,,,,,,,,,,x,x,x,x,x,x,x,x,x,x,x,x,x,x,x,x,x,x,x,x,x,x,x,x,x,x,x,,x,x,x,x,x,x,x,x,x,x,x,x,x,x,x,x,x,x,x,x,x,x,x,x,x,x,x,x,x,x,x,x,x,x,x,x,x,x,x,x,x,x,x,x,x,x,x,x,x,x,x,x,x,x,x,x,x,x,x,x,x,x,x,x,x,x,x,x,x,x,x,x,x,x,x,x,x,x,x,x,x,x,x,x,x,x
CORN,,,,y,,,,,,,,,,,,,,,,,,,,,,,,,,,,,,,,,,,,,,,,x,x,x,x,x,x,x,x,x,x,x,x,x,x,x,x,x,x,x,x,x,x,x,x,x,,x,x,x,x,x,x,x,x,x,x,x,x,x,x,x,x,x,x,x,x,x,x,x,x,x,x,x,x,x,x,x,x,x,x,x,x,x,x,x,x,x,x,x,x,x,x,x,x,x,x,x,x,x,x,x,x,x,x,x,x,x,x,x,x,x,x,x,x,x,x,x,x,x,x,x,x,x,x,x,x,x,x,x,x,x,x
CUCUMBERS,,,,y,,,,,,,,,,,,,,,,,,,,,,,,,,,,,,,,,,,,,,,,,,x,x,x,x,x,x,x,x,x,x,x,x,x,x,x,x,x,x,x,x,x,x,x,,x,x,x,x,x,x,x,x,x,x,x,x,x,x,x,x,x,x,x,x,x,x,x,x,x,x,x,x,x,x,x,x,x,x,x,x,x,x,x,x,x,x,x,x,x,x,x,x,x,x,x,x,x,x,x,x,x,x,x,x,x,x,x,x,x,x,x,x,x,x,x,x,x,x,x,x,x,x,x,x,x,x,x,x,x,x
DAIKON,,,,y,,,,,,,,,,,,,,,,,,,,,,,,,,,,,,,,,,,,,,,,,,,x,x,x,x,x,x,x,x,x,x,x,x,x,x,x,x,x,x,x,x,x,x,,x,x,x,x,x,x,x,x,x,x,x,x,x,x,x,x,x,x,x,x,x,x,x,x,x,x,x,x,x,x,x,x,x,x,x,x,x,x,x,x,x,x,x,x,x,x,x,x,x,x,x,x,x,x,x,x,x,x,x,x,x,x,x,x,x,x,x,x,x,x,x,x,x,x,x,x,x,x,x,x,x,x,x,x,x,x
ENDIVE (aka BELGIAN ENDIVE),,,,y,,,,,,,,,,,,,,,,,,,,,,,,,,,,,,,,,,,,,,,,,,,,,,x,x,x,x,x,x,x,x,x,x,x,x,x,x,x,x,x,x,x,,x,x,x,x,x,x,x,x,x,x,x,x,x,x,x,x,x,x,x,x,x,x,x,x,x,x,x,x,x,x,x,x,x,x,x,x,x,x,x,x,x,x,x,x,x,x,x,x,x,x,x,x,x,x,x,x,x,x,x,x,x,x,x,x,x,x,x,x,x,x,x,x,x,x,x,x,x,x,x,x,x,x,x,x,x,x
FENNEL,,,,y,,,,,,,,,,,,,,,,,,,,,,,,,,,,,,,,,,,,,,,,,,,,,,,x,x,x,x,x,x,x,x,x,x,x,x,x,x,x,x,x,x,,x,x,x,x,x,x,x,x,x,x,x,x,x,x,x,x,x,x,x,x,x,x,x,x,x,x,x,x,x,x,x,x,x,x,x,x,x,x,x,x,x,x,x,x,x,x,x,x,x,x,x,x,x,x,x,x,x,x,x,x,x,x,x,x,x,x,x,x,x,x,x,x,x,x,x,x,x,x,x,x,x,x,x,x,x,x
FENNEL FRONDS (or LEAVES),,,,y,,,,,,,,,,,,,,,,,,,,,,,,,,,,,,,,,,,,,,,,,,,,,,,,x,x,x,x,x,x,x,x,x,x,x,x,x,x,x,x,x,,x,x,x,x,x,x,x,x,x,x,x,x,x,x,x,x,x,x,x,x,x,x,x,x,x,x,x,x,x,x,x,x,x,x,x,x,x,x,x,x,x,x,x,x,x,x,x,x,x,x,x,x,x,x,x,x,x,x,x,x,x,x,x,x,x,x,x,x,x,x,x,x,x,x,x,x,x,x,x,x,x,x,x,x,x,x
"FLOWERS, EDIBLE",,,,y,,,,,,,,,,,,,,,,,,,,,,,,,,,,,,,,,,,,,,,,,,,,,,,,,,,x,x,x,x,x,x,x,x,x,x,x,x,x,x,,x,x,x,x,x,x,x,x,x,x,x,x,x,x,x,x,x,x,x,x,x,x,x,x,x,x,x,x,x,x,x,x,x,x,x,x,x,x,x,x,x,x,x,x,x,x,x,x,x,x,x,x,x,x,x,x,x,x,x,x,x,x,x,x,x,x,x,x,x,x,x,x,x,x,x,x,x,x,x,x,x,x,x,x,x,x
"GREENS, DANDELION",,,,y,,,,,,,,,,,,,,,,,,,,,,,,,,,,,,,,,,,,,,,,,,,,,,,,,,,,,,,,,,x,x,x,x,x,x,x,,x,x,x,x,x,x,x,x,x,x,x,x,x,x,x,x,x,x,x,x,x,x,x,x,x,x,x,x,x,x,x,x,x,x,x,x,x,x,x,x,x,x,x,x,x,x,x,x,x,x,x,x,x,x,x,x,x,x,x,x,x,x,x,x,x,x,x,x,x,x,x,x,x,x,x,x,x,x,x,x,x,x,x,x,x,x
"KELP, KELP GRANULES, and KELP POWDER (see also ARAME, KOMBU, SEA VEGETABLES, and WAKAME)",,,,y,,Y,,,y,Y,,,Y,,,Y,Y,,,,,,,,,,,,,,,,,,,Y,,,,,,,,,,,,,,,,Y,,,,,,,Y,Y,,,Y,,x,x,x,x,,x,x,x,x,x,x,x,x,x,x,x,x,x,x,x,x,x,x,x,x,x,x,x,x,x,x,x,x,x,x,x,x,x,x,x,x,x,x,x,x,x,x,x,x,x,x,x,x,x,x,x,x,x,x,x,x,x,x,x,x,x,x,x,x,x,x,x,x,x,x,x,x,x,x,x,x,x,x,x,x,x,x,x,x,x,x
"LETTUCE, BUTTER (aka BIBB or BOSTON LETTUCE)",,,,y,,,,,,,,,,,,,,,,,,,,,,,,,,,,,,,,,,,,,,,,,,,,,,,,,,,,,,,,,,,,,,,,,,,x,x,x,x,x,x,x,x,x,x,x,x,x,x,x,x,x,x,x,x,x,x,x,x,x,x,x,x,x,x,x,x,x,x,x,x,x,x,x,x,x,x,x,x,x,x,x,x,x,x,x,x,x,x,x,x,x,x,x,x,x,x,x,x,x,x,x,x,x,x,x,x,x,x,x,x,x,x,x,x,x,x,x,x,x
"LETTUCE, LAMB’S (aka CORN SALAD or MCHE)",,,,y,,,,,,,,,,,,,,,,,,,,,,,,,,,,,,,,,,,,,,,,,,,,,,,,,,,,,,,,,,,,,,,,,,,,x,x,x,x,x,x,x,x,x,x,x,x,x,x,x,x,x,x,x,x,x,x,x,x,x,x,x,x,x,x,x,x,x,x,x,x,x,x,x,x,x,x,x,x,x,x,x,x,x,x,x,x,x,x,x,x,x,x,x,x,x,x,x,x,x,x,x,x,x,x,x,x,x,x,x,x,x,x,x,x,x,x,x,x
"LETTUCE, ROMAINE",,,,y,,,,,,,,,,,,,,,,,,,,,,,,,,,,,,,,,,,,,,,,,,,,,,,,,,,,,,,,,,,,,,,,,,,,,x,x,x,x,x,x,x,x,x,x,x,x,x,x,x,x,x,x,x,x,x,x,x,x,x,x,x,x,x,x,x,x,x,x,x,x,x,x,x,x,x,x,x,x,x,x,x,x,x,x,x,x,x,x,x,x,x,x,x,x,x,x,x,x,x,x,x,x,x,x,x,x,x,x,x,x,x,x,x,x,x,x,x
"MUSHROOMS, BUTTON (aka WHITE MUSHROOMS)",,,,y,,Y,,,y,Y,,,Y,,,Y,Y,,,,,,,,,,,,,,,,,,,Y,,,,,,,,,,,,,,,,Y,,,,,,,Y,Y,,,Y,,Y,Y,,,,,,,,Y,Y,Y,Y,,x,x,x,x,x,x,x,x,x,x,x,x,x,x,x,x,x,x,x,x,x,x,x,x,x,x,x,x,x,x,x,x,x,x,x,x,x,x,x,x,x,x,x,x,x,x,x,x,x,x,x,x,x,x,x,x,x,x,x,x,x,x,x,x,x,x,x,x,x,x,x,x,x,x,x,x,x
"MUSHROOMS, PORTOBELLO",,,,y,,Y,,,y,Y,,,Y,,,Y,Y,,,,,,,,,,,,,,,,,,,Y,,,,,,,,,,,,,,,,Y,,,,,,,Y,Y,,,Y,,Y,Y,,,,,,,,Y,Y,Y,Y,,,x,x,x,x,x,x,x,x,x,x,x,x,x,x,x,x,x,x,x,x,x,x,x,x,x,x,x,x,x,x,x,x,x,x,x,x,x,x,x,x,x,x,x,x,x,x,x,x,x,x,x,x,x,x,x,x,x,x,x,x,x,x,x,x,x,x,x,x,x,x,x,x,x,x,x,x
NORI (aka LAVER),,,,y,,Y,,,y,Y,,,Y,,,Y,Y,,,,,,,,,,,,,,,,,,,Y,,,,,,,,,,,,,,,,Y,,,,,,,Y,Y,,,Y,,Y,Y,,,,,,,,,Y,Y,Y,,,Y,,x,x,x,x,x,x,x,x,x,x,x,x,x,x,x,x,x,x,x,x,x,x,x,x,x,x,x,x,x,x,x,x,x,x,x,x,x,x,x,x,x,x,x,x,x,x,x,x,x,x,x,x,x,x,x,x,x,x,x,x,x,x,x,x,x,x,x,x,x,x,x,x,x,x
"OLIVES, KALAMATA",,,,y,,Y,,,,,,,Y,,,y,Y,,,,,,,,,,,,,,,,,,,Y,,,,,,,,y,,,Y,,,,,y,,,,,,,Y,Y,,,Y,,Y,Y,,y,y,,,,y,Y,Y,Y,Y,,,Y,,,,,,,,,,x,x,x,x,x,x,x,x,x,x,x,x,x,x,x,x,x,x,x,x,x,x,x,x,x,x,x,x,x,x,x,x,x,x,x,x,x,x,x,x,x,x,x,x,x,x,x,x,x,x,x,x,x,x,x,x,x,x,x,x,x,x,x,x,x,x
"OLIVES, MANZANILLA (aka SPANISH OLIVES)",,,,y,,Y,,,,,,,Y,,,y,Y,,,,,,,,,,,,,,,,,,,Y,,,,,,,,y,,,Y,,,,,y,,,,,,,Y,Y,,,Y,,Y,Y,,y,y,,,,y,Y,Y,Y,Y,,,Y,,,,,,,,,,,x,x,x,x,x,x,x,x,x,x,x,x,x,x,x,x,x,x,x,x,x,x,x,x,x,x,x,x,x,x,x,x,x,x,x,x,x,x,x,x,x,x,x,x,x,x,x,x,x,x,x,x,x,x,x,x,x,x,x,x,x,x,x,x,x
"OLIVES, NIÇOISE",,,,y,,Y,,,,,,,Y,,,y,Y,,,,,,,,,,,,,,,,,,,Y,,,,,,,,y,,,Y,,,,,y,,,,,,,Y,Y,,,Y,,Y,Y,,y,y,,,,y,Y,Y,Y,Y,,,Y,,,,,,,,,,,,x,x,x,x,x,x,x,x,x,x,x,x,x,x,x,x,x,x,x,x,x,x,x,x,x,x,x,x,x,x,x,x,x,x,x,x,x,x,x,x,x,x,x,x,x,x,x,x,x,x,x,x,x,x,x,x,x,x,x,x,x,x,x,x
"OLIVES, PICHOLINE",,,,y,,Y,,,,,,,Y,,,y,Y,,,,,,,,,,,,,,,,,,,Y,,,,,,,,y,,,Y,,,,,y,,,,,,,Y,Y,,,Y,,Y,Y,,y,y,,,,y,Y,Y,Y,Y,,,Y,,,,,,,,,,,,,x,x,x,x,x,x,x,x,x,x,x,x,x,x,x,x,x,x,x,x,x,x,x,x,x,x,x,x,x,x,x,x,x,x,x,x,x,x,x,x,x,x,x,x,x,x,x,x,x,x,x,x,x,x,x,x,x,x,x,x,x,x,x
RADISHES—IN GENERAL (see also DAIKON),,,,y,,,,,,,,,,,,,,,,,,,,,,,,,,,,,,,,,,,,,,,,,,,,,,,,,,,,,,,,,,,,,,,,,,,,,,,,,,,,,,,,,,,,,,,,,,,,,,,,,,,,,,,,,,,,,,,,,x,x,x,x,x,x,x,x,x,x,x,x,x,x,x,x,x,x,x,x,x,x,x,x,x,x,x,x,x,x,x,x,x,x,x,x,x,x,x
SNOW PEAS (aka CHINESE PEA PODS) (see also SUGAR SNAP PEAS),,,,y,,,,,,,,,,,,,,,,,,,,,,,,,,,,,,,,,,,,,,,,,,,,,,,,,,,,,,,,,,,,,,,,,,,,,,,,,,,,,,,,,,,,,,,,,,,,,,,,,,,,,,,,,,,,,,,,,,,,,,,,,,,,,,,x,x,x,x,x,x,x,x,x,x,x,x,x,x,x,x,x,x,x,x,x,x,x,x,x
SORREL,,,,y,,,,,,,,,,,,,,,,,,,,,,,,,,,,,,,,,,,,,,,,,,,,,,,,,,,,,,,,,,,,,,,,,,,,,,,,,,,,,,,,,,,,,,,,,,,,,,,,,,,,,,,,,,,,,,,,,,,,,,,,,,,,,,,,x,x,x,x,x,x,x,x,x,x,x,x,x,x,x,x,x,x,x,x,x,x,x,x
SPINACH,,,,y,,,,,,,,,,,,,,,,,,,,,,,,,,,,,,,,,,,,,,,,,,,,,,,,,,,,,,,,,,,,,,,,,,,,,,,,,,,,,,,,,,,,,,,,,,,,,,,,,,,,,,,,,,,,,,,,,,,,,,,,,,,,,,,,,x,x,x,x,x,x,x,x,x,x,x,x,x,x,x,x,x,x,x,x,x,x,x
"SPROUTS, ALFALFA",,,,y,,,,,,,,,,,,,,,,,,,,,,,,,,,,,,,,,,,,,,,,,,,,,,,,,,,,,,,,,,,,,,,,,,,,,,,,,,,,,,,,,,,,,,,,,,,,,,,,,,,,,,,,,,,,,,,,,,,,,,,,,,,,,,,,,,x,x,x,x,x,x,x,x,x,x,x,x,x,x,x,x,x,x,x,x,x,x
"SPROUTS, BROCCOLI",,,,y,,,,,,,,,,,,,,,,,,,,,,,,,,,,,,,,,,,,,,,,,,,,,,,,,,,,,,,,,,,,,,,,,,,,,,,,,,,,,,,,,,,,,,,,,,,,,,,,,,,,,,,,,,,,,,,,,,,,,,,,,,,,,,,,,,,x,x,x,x,x,x,x,x,x,x,x,x,x,x,x,x,x,x,x,x,x
"SPROUTS, CHICKPEA",,,,y,,,,,,,,,,,,,,,,,,,,,,,,,,,,,,,,,,,,,,,,,,,,,,,,,,,,,,,,,,,,,,,,,,,,,,,,,,,,,,,,,,,,,,,,,,,,,,,,,,,,,,,,,,,,,,,,,,,,,,,,,,,,,,,,,,,,x,x,x,x,x,x,x,x,x,x,x,x,x,x,x,x,x,x,x,x
"SPROUTS, CLOVER",,,,y,,,,,,,,,,,,,,,,,,,,,,,,,,,,,,,,,,,,,,,,,,,,,,,,,,,,,,,,,,,,,,,,,,,,,,,,,,,,,,,,,,,,,,,,,,,,,,,,,,,,,,,,,,,,,,,,,,,,,,,,,,,,,,,,,,,,,x,x,x,x,x,x,x,x,x,x,x,x,x,x,x,x,x,x,x
"SPROUTS, DAIKON (see also SPROUTS, RADISH)",,,,y,,,,,,,,,,,,,,,,,,,,,,,,,,,,,,,,,,,,,,,,,,,,,,,,,,,,,,,,,,,,,,,,,,,,,,,,,,,,,,,,,,,,,,,,,,,,,,,,,,,,,,,,,,,,,,,,,,,,,,,,,,,,,,,,,,,,,,x,x,x,x,x,x,x,x,x,x,x,x,x,x,x,x,x,x
"SPROUTS, LENTIL",,,,y,,,,,,,,,,,,,,,,,,,,,,,,,,,,,,,,,,,,,,,,,,,,,,,,,,,,,,,,,,,,,,,,,,,,,,,,,,,,,,,,,,,,,,,,,,,,,,,,,,,,,,,,,,,,,,,,,,,,,,,,,,,,,,,,,,,,,,,x,x,x,x,x,x,x,x,x,x,x,x,x,x,x,x,x
"SPROUTS, PEA",,,,y,,,,,,,,,,,,,,,,,,,,,,,,,,,,,,,,,,,,,,,,,,,,,,,,,,,,,,,,,,,,,,,,,,,,,,,,,,,,,,,,,,,,,,,,,,,,,,,,,,,,,,,,,,,,,,,,,,,,,,,,,,,,,,,,,,,,,,,,x,x,x,x,x,x,x,x,x,x,x,x,x,x,x,x
SUGAR SNAP PEAS (aka SNAP PEAS),,,,y,,,,,,,,,,,,,,,,,,,,,,,,,,,,,,,,,,,,,,,,,,,,,,,,,,,,,,,,,,,,,,,,,,,,,,,,,,,,,,,,,,,,,,,,,,,,,,,,,,,,,,,,,,,,,,,,,,,,,,,,,,,,,,,,,,,,,,,,,,,,x,x,x,x,x,x,x,x,x,x,x,x
"TOMATOES, SUN-DRIED (or OVEN-DRIED TOMATOES)",,,,y,,Y,,,,Y,,,Y,,,Y,Y,,,,,,,,,,,,,,,,,,,y,,,,,,,,y,,,,,,,,Y,,,,,,,Y,Y,,,Y,,Y,,,,,,,,,,Y,Y,Y,,,Y,,,,,,,,,,,,,,,,,,Y,Y,Y,Y,Y,Y,,Y,,,,,,,Y,,y,y,,,Y,,,,,,,,,,,,,,,,,,,,,,,Y,Y,,,x,x,x,x,x,x,x,x,x,x,x
"TOMATOES, TOMATO JUICE, TOMATO PASTE, and TOMATO SAUCE",,,,y,,Y,,,Y,Y,,,Y,,,Y,Y,,,,,,,,,,,,,,,,,,,Y,,,,,,,,Y,,,Y,,,,,Y,,,,,,,Y,Y,,,Y,,Y,,,,,,,,,Y,Y,Y,Y,,,Y,,,,,,,,,,,,,,,,,,Y,Y,Y,Y,Y,Y,,Y,,,,,,,Y,,Y,Y,,y,Y,,,,,,,,,,,,,,,,,,,,,,,Y,Y,,,,x,x,x,x,x,x,x,x,x,x
"ZUCCHINI (see also SQUASH, SUMMER)",,,,y,,Y,,,y,Y,,,Y,,,Y,Y,,,,,,,,,,,,,,,,,,,Y,,,,,,,,,,,y,,,,,,,,,,,,y,Y,,,,,Y,Y,,,,,,,,Y,Y,Y,Y,,,Y,,,,,,,,,,,,,,,,,,Y,Y,Y,Y,Y,Y,,y,,,,,,,Y,,y,y,,,Y,,,,,,,,,,,,,,,,,,,,,,,Y,Y,,,,,,,,,,,,Y,
"“CHEESE,” VEGAN",y,,,,,x,x,x,x,x,x,x,x,x,x,x,x,x,x,x,x,x,x,x,x,x,x,x,x,x,x,x,x,x,x,x,x,x,x,x,x,x,x,x,x,x,x,x,x,x,x,x,x,x,x,x,x,x,x,x,x,x,x,x,x,x,x,x,,x,x,x,x,x,x,x,x,x,x,x,x,x,x,x,x,x,x,x,x,x,x,x,x,x,x,x,x,x,x,x,x,x,x,x,x,x,x,x,x,x,x,x,x,x,x,x,x,x,x,x,x,x,x,x,x,x,x,x,x,x,x,x,x,x,x,x,x,x,x,x,x,x,x,x,x,x,x,x,x,x,x,x,x,x,x
AÇAI,,,y,,,,x,x,x,x,x,x,x,x,x,x,x,x,x,x,x,x,x,x,x,x,x,x,x,x,x,x,x,x,x,x,x,x,x,x,x,x,x,x,x,x,x,x,x,x,x,x,x,x,x,x,x,x,x,x,x,x,x,x,x,x,x,x,,x,x,x,x,x,x,x,x,x,x,x,x,x,x,x,x,x,x,x,x,x,x,x,x,x,x,x,x,x,x,x,x,x,x,x,x,x,x,x,x,x,x,x,x,x,x,x,x,x,x,x,x,x,x,x,x,x,x,x,x,x,x,x,x,x,x,x,x,x,x,x,x,x,x,x,x,x,x,x,x,x,x,x,x,x,x
"ALMONDS (and UNSWEETENED ALMOND BUTTER; see also MILK, ALMOND)",,,,,,,,x,x,x,x,x,x,x,x,x,x,x,x,x,x,x,x,x,x,x,x,x,x,x,x,x,x,x,x,x,x,x,,x,x,x,x,x,x,x,x,x,x,x,x,x,x,x,x,x,x,x,x,x,x,x,x,x,x,x,x,x,,x,x,x,x,x,x,x,x,x,x,x,x,x,x,x,x,x,x,x,x,x,x,x,x,x,x,x,x,x,x,x,x,x,x,x,x,x,x,x,x,x,x,x,x,x,x,x,x,x,x,x,x,x,x,x,x,x,x,x,x,x,x,x,x,x,x,x,x,x,x,x,x,x,x,x,x,x,x,x,x,x,x,x,x,x,x
"ALMONDS, MARCONA",,,,,,,,,x,x,x,x,x,x,x,x,x,x,x,x,x,x,x,x,x,x,x,x,x,x,x,x,x,x,x,x,x,x,x,x,x,x,x,x,x,x,x,x,x,x,x,x,x,x,x,x,x,x,x,x,x,x,x,x,x,x,x,x,,x,x,x,x,x,x,x,x,x,x,x,x,x,x,x,x,x,x,x,x,x,x,x,x,x,x,x,x,x,x,x,x,x,x,x,x,x,x,x,x,x,x,x,x,x,x,x,x,x,x,x,x,x,x,x,x,x,x,x,x,x,x,x,x,x,x,x,x,x,x,x,x,x,x,x,x,x,x,x,x,x,x,x,x,x,x
"APPLES (and APPLE CIDER, APPLE JUICE and/or APPLESAUCE)",,,y,,,,,,,x,x,x,x,x,x,x,x,x,x,x,x,x,x,x,x,x,x,x,x,x,x,x,x,x,x,x,x,x,x,x,x,x,x,x,x,x,x,x,x,x,x,x,x,x,x,x,x,x,x,x,x,x,x,x,x,x,x,x,,x,x,x,x,x,x,x,x,x,x,x,x,x,x,x,x,x,x,x,x,x,x,x,x,x,x,x,x,x,x,x,x,x,x,x,x,x,x,x,x,x,x,x,x,x,x,x,x,x,x,x,x,x,x,x,x,x,x,x,x,x,x,x,x,x,x,x,x,x,x,x,x,x,x,x,x,x,x,x,x,x,x,x,x,x,x
"APRICOTS (see also APRICOTS, DRIED)",,,y,,,,,,,,x,x,x,x,x,x,x,x,x,x,x,x,x,x,x,x,x,x,x,x,x,x,x,x,x,x,x,x,x,x,x,x,x,x,x,x,x,x,x,x,x,x,x,x,x,x,x,x,x,x,x,x,x,x,x,x,x,x,,x,x,x,x,x,x,x,x,x,x,x,x,x,x,x,x,x,x,x,x,x,x,x,x,x,x,x,x,x,x,x,x,x,x,x,x,x,x,x,x,x,x,x,x,x,x,x,x,x,x,x,x,x,x,x,x,x,x,x,x,x,x,x,x,x,x,x,x,x,x,x,x,x,x,x,x,x,x,x,x,x,x,x,x,x,x
AVOCADO,,,,,,,,,,,,,x,x,x,x,x,x,x,x,x,x,x,x,x,x,x,x,x,x,x,x,x,x,x,x,x,x,x,x,x,x,x,x,x,x,x,x,x,x,x,x,x,x,x,x,x,x,x,x,x,x,x,x,x,x,x,x,,x,x,x,x,x,x,x,x,x,x,x,x,x,x,x,x,x,x,x,x,x,x,x,x,x,x,x,x,x,x,x,x,x,x,x,x,x,x,x,x,x,x,x,x,x,x,x,x,x,x,x,x,x,x,x,x,x,x,x,x,x,x,x,x,x,x,x,x,x,x,x,x,x,x,x,x,x,x,x,x,x,x,x,x,x,x
BANANAS,,,y,,,,,,,,,,,x,x,x,x,x,x,x,x,x,x,x,x,x,x,x,x,x,x,x,x,x,x,x,x,x,x,x,x,x,x,x,x,x,x,x,x,x,x,x,x,x,x,x,x,x,x,x,x,x,x,x,x,x,x,x,,x,x,x,x,x,x,x,x,x,x,x,x,x,x,x,x,x,x,x,x,x,x,x,x,x,x,x,x,x,x,x,x,x,x,x,x,x,x,x,x,x,x,x,x,x,x,x,x,x,x,x,x,x,x,x,x,x,x,x,x,x,x,x,x,x,x,x,x,x,x,x,x,x,x,x,x,x,x,x,x,x,x,x,x,x,x
BLACKBERRIES (see also BERRIES),,,y,,,,,,,,,,,y,Y,,x,x,x,x,x,x,x,x,x,x,x,x,x,x,x,x,x,x,x,x,x,x,x,x,x,x,x,x,x,x,x,x,x,x,x,x,x,x,x,x,x,x,x,x,x,x,x,x,x,x,x,x,,x,x,x,x,x,x,x,x,x,x,x,x,x,x,x,x,x,x,x,x,x,x,x,x,x,x,x,x,x,x,x,x,x,x,x,x,x,x,x,x,x,x,x,x,x,x,x,x,x,x,x,x,x,x,x,x,x,x,x,x,x,x,x,x,x,x,x,x,x,x,x,x,x,x,x,x,x,x,x,x,x,x,x,x,x,x
BLUEBERRIES,,,y,,,,,,,,,,,y,Y,,,x,x,x,x,x,x,x,x,x,x,x,x,x,x,x,x,x,x,x,x,x,x,x,x,x,x,x,x,x,x,x,x,x,x,x,x,x,x,x,x,x,x,x,x,x,x,x,x,x,x,x,,x,x,x,x,x,x,x,x,x,x,x,x,x,x,x,x,x,x,x,x,x,x,x,x,x,x,x,x,x,x,x,x,x,x,x,x,x,x,x,x,x,x,x,x,x,x,x,x,x,x,x,x,x,x,x,x,x,x,x,x,x,x,x,x,x,x,x,x,x,x,x,x,x,x,x,x,x,x,x,x,x,x,x,x,x,x
"BREAD CRUMBS, PANKO",,,,,,,,,,,,,,,,,,,x,x,x,x,x,x,x,x,x,x,x,x,x,x,x,x,x,x,x,x,x,x,x,x,x,x,x,x,x,x,x,x,x,x,x,x,x,x,x,x,x,x,x,x,x,x,x,x,x,x,,x,x,x,x,x,x,x,x,x,x,x,x,x,x,x,x,x,x,x,x,x,x,x,x,x,x,x,x,x,x,x,x,x,x,x,x,x,x,x,x,x,x,x,x,x,x,x,x,x,x,x,x,x,x,x,x,x,x,x,x,x,x,x,x,x,x,x,x,x,x,x,x,x,x,x,x,x,x,x,x,x,x,x,x,x,x
"BREAD CRUMBS, WHOLE-GRAIN",,,,,,,,,,,,,,,,,,,,x,x,x,x,x,x,x,x,x,x,x,x,x,x,x,x,x,x,x,x,x,x,x,x,x,x,x,x,x,x,x,x,x,x,x,x,x,x,x,x,x,x,x,x,x,x,x,x,x,,x,x,x,x,x,x,x,x,x,x,x,x,x,x,x,x,x,x,x,x,x,x,x,x,x,x,x,x,x,x,x,x,x,x,x,x,x,x,x,x,x,x,x,x,x,x,x,x,x,x,x,x,x,x,x,x,x,x,x,x,x,x,x,x,x,x,x,x,x,x,x,x,x,x,x,x,x,x,x,x,x,x,x,x,x,x
CASHEWS and CASHEW NUT BUTTER,,,,,,,,,,,,,,,,,,,,,,,,,,,,x,x,x,x,x,x,x,x,x,x,x,x,x,x,x,x,x,x,x,x,x,x,x,x,x,x,x,x,x,x,x,x,x,x,x,x,x,x,x,x,x,,x,x,x,x,x,x,x,x,x,x,x,x,x,x,x,x,x,x,x,x,x,x,x,x,x,x,x,x,x,x,x,x,x,x,x,x,x,x,x,x,x,x,x,x,x,x,x,x,x,x,x,x,x,x,x,x,x,x,x,x,x,x,x,x,x,x,x,x,x,x,x,x,x,x,x,x,x,x,x,x,x,x,x,x,x,x
"CHEESE, CHEDDAR",y,,,,,,,,,,,,,,,,,,,,,,,,,,,,,,x,x,x,x,x,x,x,x,x,x,x,x,x,x,x,x,x,x,x,x,x,x,x,x,x,x,x,x,x,x,x,x,x,x,x,x,x,x,,x,x,x,x,x,x,x,x,x,x,x,x,x,x,x,x,x,x,x,x,x,x,x,x,x,x,x,x,x,x,x,x,x,x,x,x,x,x,x,x,x,x,x,x,x,x,x,x,x,x,x,x,x,x,x,x,x,x,x,x,x,x,x,x,x,x,x,x,x,x,x,x,x,x,x,x,x,x,x,x,x,x,x,x,x,x
"CHEESE, FETA",y,,,,,,,,,,,,,,,,,,,,,,,,,,,,,,,x,x,x,x,x,x,x,x,x,x,x,x,x,x,x,x,x,x,x,x,x,x,x,x,x,x,x,x,x,x,x,x,x,x,x,x,x,,x,x,x,x,x,x,x,x,x,x,x,x,x,x,x,x,x,x,x,x,x,x,x,x,x,x,x,x,x,x,x,x,x,x,x,x,x,x,x,x,x,x,x,x,x,x,x,x,x,x,x,x,x,x,x,x,x,x,x,x,x,x,x,x,x,x,x,x,x,x,x,x,x,x,x,x,x,x,x,x,x,x,x,x,x,x
"CHEESE, GOAT",y,,,,,,,,,,,,,,,,,,,,,,,,,,,,,,,,x,x,x,x,x,x,x,x,x,x,x,x,x,x,x,x,x,x,x,x,x,x,x,x,x,x,x,x,x,x,x,x,x,x,x,x,,x,x,x,x,x,x,x,x,x,x,x,x,x,x,x,x,x,x,x,x,x,x,x,x,x,x,x,x,x,x,x,x,x,x,x,x,x,x,x,x,x,x,x,x,x,x,x,x,x,x,x,x,x,x,x,x,x,x,x,x,x,x,x,x,x,x,x,x,x,x,x,x,x,x,x,x,x,x,x,x,x,x,x,x,x,x
"CHEESE, PARMESAN",y,,,,,,,,,,,,,,,,,,,,,,,,,,,,,,,,,x,x,x,x,x,x,x,x,x,x,x,x,x,x,x,x,x,x,x,x,x,x,x,x,x,x,x,x,x,x,x,x,x,x,x,,x,x,x,x,x,x,x,x,x,x,x,x,x,x,x,x,x,x,x,x,x,x,x,x,x,x,x,x,x,x,x,x,x,x,x,x,x,x,x,x,x,x,x,x,x,x,x,x,x,x,x,x,x,x,x,x,x,x,x,x,x,x,x,x,x,x,x,x,x,x,x,x,x,x,x,x,x,x,x,x,x,x,x,x,x,x
"CHEESE, PECORINO",y,,,,,,,,,,,,,,,,,,,,,,,,,,,,,,,,,,x,x,x,x,x,x,x,x,x,x,x,x,x,x,x,x,x,x,x,x,x,x,x,x,x,x,x,x,x,x,x,x,x,x,,x,x,x,x,x,x,x,x,x,x,x,x,x,x,x,x,x,x,x,x,x,x,x,x,x,x,x,x,x,x,x,x,x,x,x,x,x,x,x,x,x,x,x,x,x,x,x,x,x,x,x,x,x,x,x,x,x,x,x,x,x,x,x,x,x,x,x,x,x,x,x,x,x,x,x,x,x,x,x,x,x,x,x,x,x,x
"CHEESE, SMOKED MOZZARELLA",y,,,,,,,,,,,,,,,,,,,,,,,,,,,,,,,,,,,x,x,x,x,x,x,x,x,x,x,x,x,x,x,x,x,x,x,x,x,x,x,x,x,x,x,x,x,x,x,x,x,x,,x,x,x,x,x,x,x,x,x,x,x,x,x,x,x,x,x,x,x,x,x,x,x,x,x,x,x,x,x,x,x,x,x,x,x,x,x,x,x,x,x,x,x,x,x,x,x,x,x,x,x,x,x,x,x,x,x,x,x,x,x,x,x,x,x,x,x,x,x,x,x,x,x,x,x,x,x,x,x,x,x,x,x,x,x,x
"CHERRIES, SOUR and SWEET",,,y,,,,,,,,,,,Y,Y,,,,,Y,Y,Y,Y,,,,,Y,,,,,,,,,x,x,x,x,x,x,x,x,x,x,x,x,x,x,x,x,x,x,x,x,x,x,x,x,x,x,x,x,x,x,x,x,,x,x,x,x,x,x,x,x,x,x,x,x,x,x,x,x,x,x,x,x,x,x,x,x,x,x,x,x,x,x,x,x,x,x,x,x,x,x,x,x,x,x,x,x,x,x,x,x,x,x,x,x,x,x,x,x,x,x,x,x,x,x,x,x,x,x,x,x,x,x,x,x,x,x,x,x,x,x,x,x,x,x,x,x,x,x
CHESTNUTS,,,,,,,,,,,,,,,,,,,,,,,,,,,,,,,,,,,,,,x,x,x,x,x,x,x,x,x,x,x,x,x,x,x,x,x,x,x,x,x,x,x,x,x,x,x,x,x,x,x,,x,x,x,x,x,x,x,x,x,x,x,x,x,x,x,x,x,x,x,x,x,x,x,x,x,x,x,x,x,x,x,x,x,x,x,x,x,x,x,x,x,x,x,x,x,x,x,x,x,x,x,x,x,x,x,x,x,x,x,x,x,x,x,x,x,x,x,x,x,x,x,x,x,x,x,x,x,x,x,x,x,x,x,x,x,x
CHIA SEEDS,,,,,,,,,,,,,,,,,,,,,,,,,,,,,,,,,,,,,,,x,x,x,x,x,x,x,x,x,x,x,x,x,x,x,x,x,x,x,x,x,x,x,x,x,x,x,x,x,x,,x,x,x,x,x,x,x,x,x,x,x,x,x,x,x,x,x,x,x,x,x,x,x,x,x,x,x,x,x,x,x,x,x,x,x,x,x,x,x,x,x,x,x,x,x,x,x,x,x,x,x,x,x,x,x,x,x,x,x,x,x,x,x,x,x,x,x,x,x,x,x,x,x,x,x,x,x,x,x,x,x,x,x,x,x,x
"COCONUT, COCONUT CREAM, and COCONUT MILK (see also COCONUT BUTTER, COCONUT NECTAR, COCONUT WATER, and MILK, COCONUT)",,,,,,,,,,,,,,,,,,,,,,,,,,,,,,,,,,,,,,,,,,,x,x,x,x,x,x,x,x,x,x,x,x,x,x,x,x,x,x,x,x,x,x,x,x,x,x,,x,x,x,x,x,x,x,x,x,x,x,x,x,x,x,x,x,x,x,x,x,x,x,x,x,x,x,x,x,x,x,x,x,x,x,x,x,x,x,x,x,x,x,x,x,x,x,x,x,x,x,x,x,x,x,x,x,x,x,x,x,x,x,x,x,x,x,x,x,x,x,x,x,x,x,x,x,x,x,x,x,x,x,x,x,x
CRANBERRIES,,,y,,,,,,,,,,,,,,,,,,,,,,,,,,,,,,,,,,,,,,,,,,x,x,x,x,x,x,x,x,x,x,x,x,x,x,x,x,x,x,x,x,x,x,x,x,,x,x,x,x,x,x,x,x,x,x,x,x,x,x,x,x,x,x,x,x,x,x,x,x,x,x,x,x,x,x,x,x,x,x,x,x,x,x,x,x,x,x,x,x,x,x,x,x,x,x,x,x,x,x,x,x,x,x,x,x,x,x,x,x,x,x,x,x,x,x,x,x,x,x,x,x,x,x,x,x,x,x,x,x,x,x
DATES,,,y,,,,,,,,,,,y,y,,,,,y,y,y,y,,,,,y,,,,,,,,,,,,,,,,,,,,x,x,x,x,x,x,x,x,x,x,x,x,x,x,x,x,x,x,x,x,x,,x,x,x,x,x,x,x,x,x,x,x,x,x,x,x,x,x,x,x,x,x,x,x,x,x,x,x,x,x,x,x,x,x,x,x,x,x,x,x,x,x,x,x,x,x,x,x,x,x,x,x,x,x,x,x,x,x,x,x,x,x,x,x,x,x,x,x,x,x,x,x,x,x,x,x,x,x,x,x,x,x,x,x,x,x,x
"EGGS, HARD-BOILED",,,,,,Y,,,y,Y,,,Y,,,,,,,,,,,,,,,,,,,,,,,,,,,,,Y,,Y,,,y,,x,x,x,x,x,x,x,x,x,x,x,x,x,x,x,x,x,x,x,x,,x,x,x,x,x,x,x,x,x,x,x,x,x,x,x,x,x,x,x,x,x,x,x,x,x,x,x,x,x,x,x,x,x,x,x,x,x,x,x,x,x,x,x,x,x,x,x,x,x,x,x,x,x,x,x,x,x,x,x,x,x,x,x,x,x,x,x,x,x,x,x,x,x,x,x,x,x,x,x,x,x,x,x,x,x,x
"FIGS (see also FIGS, DRIED)",,,y,,,,,,,,,,,y,Y,,,,,,,,,,,,,,,,,,,,,,,,Y,Y,,,,,,,,y,Y,,,,x,x,x,x,x,x,x,x,x,x,x,x,x,x,x,x,,x,x,x,x,x,x,x,x,x,x,x,x,x,x,x,x,x,x,x,x,x,x,x,x,x,x,x,x,x,x,x,x,x,x,x,x,x,x,x,x,x,x,x,x,x,x,x,x,x,x,x,x,x,x,x,x,x,x,x,x,x,x,x,x,x,x,x,x,x,x,x,x,x,x,x,x,x,x,x,x,x,x,x,x,x,x
FLAXSEEDS,,,,,,,,,,,,,,,,,,,,,,,,,,,,,,,,,,,,,,,,,,,,,,,,,,,,,,x,x,x,x,x,x,x,x,x,x,x,x,x,x,x,,x,x,x,x,x,x,x,x,x,x,x,x,x,x,x,x,x,x,x,x,x,x,x,x,x,x,x,x,x,x,x,x,x,x,x,x,x,x,x,x,x,x,x,x,x,x,x,x,x,x,x,x,x,x,x,x,x,x,x,x,x,x,x,x,x,x,x,x,x,x,x,x,x,x,x,x,x,x,x,x,x,x,x,x,x,x
GRAPEFRUIT,,,y,,,,,,,,,,,Y,Y,,,,,y,y,y,y,,,,,y,,,,,,,,,,,Y,Y,,,,,,,,Y,Y,,,,,,Y,Y,Y,Y,,x,x,x,x,x,x,x,x,x,,x,x,x,x,x,x,x,x,x,x,x,x,x,x,x,x,x,x,x,x,x,x,x,x,x,x,x,x,x,x,x,x,x,x,x,x,x,x,x,x,x,x,x,x,x,x,x,x,x,x,x,x,x,x,x,x,x,x,x,x,x,x,x,x,x,x,x,x,x,x,x,x,x,x,x,x,x,x,x,x,x,x,x,x,x,x
GRAPES (and GRAPE JUICE),,,y,,,,,,,,,,,Y,Y,,,,,Y,Y,Y,Y,,,,,Y,,,,,,,,,,,Y,Y,,,,,,,,Y,Y,,,,,,Y,Y,Y,Y,,,x,x,x,x,x,x,x,x,,x,x,x,x,x,x,x,x,x,x,x,x,x,x,x,x,x,x,x,x,x,x,x,x,x,x,x,x,x,x,x,x,x,x,x,x,x,x,x,x,x,x,x,x,x,x,x,x,x,x,x,x,x,x,x,x,x,x,x,x,x,x,x,x,x,x,x,x,x,x,x,x,x,x,x,x,x,x,x,x,x,x,x,x,x,x
HAZELNUTS (aka FILBERTS),,,,,,,,,,,,,,,,,,,,,,,,,,,,,,,,,,,,,,,,,,,,,,,,,,,,,,,,,,,,,,,x,x,x,x,x,x,,x,x,x,x,x,x,x,x,x,x,x,x,x,x,x,x,x,x,x,x,x,x,x,x,x,x,x,x,x,x,x,x,x,x,x,x,x,x,x,x,x,x,x,x,x,x,x,x,x,x,x,x,x,x,x,x,x,x,x,x,x,x,x,x,x,x,x,x,x,x,x,x,x,x,x,x,x,x,x,x,x,x,x,x,x,x
HUCKLEBERRIES,,,y,,,,,,,,,,,Y,Y,,,,,Y,Y,Y,Y,,,,,Y,,,,,,,,,,,Y,Y,,,,,,,,Y,Y,,,,,,Y,Y,Y,Y,,,,,,x,x,x,x,x,,x,x,x,x,x,x,x,x,x,x,x,x,x,x,x,x,x,x,x,x,x,x,x,x,x,x,x,x,x,x,x,x,x,x,x,x,x,x,x,x,x,x,x,x,x,x,x,x,x,x,x,x,x,x,x,x,x,x,x,x,x,x,x,x,x,x,x,x,x,x,x,x,x,x,x,x,x,x,x,x,x,x,x,x,x,x
KIWI (aka KIWIFRUIT),,,y,,,,,,,,,,,Y,Y,,,,,Y,Y,Y,Y,,,,,Y,,,,,,,,,,,Y,Y,,,,,,,,Y,Y,,,,,,Y,Y,Y,Y,,,,,,Y,,x,x,x,,x,x,x,x,x,x,x,x,x,x,x,x,x,x,x,x,x,x,x,x,x,x,x,x,x,x,x,x,x,x,x,x,x,x,x,x,x,x,x,x,x,x,x,x,x,x,x,x,x,x,x,x,x,x,x,x,x,x,x,x,x,x,x,x,x,x,x,x,x,x,x,x,x,x,x,x,x,x,x,x,x,x,x,x,x,x
KUMQUAT,,,y,,,,,,,,,,,Y,Y,,,,,y,y,y,y,,,,,y,,,,,,,,,,,Y,Y,,,,,,,,Y,Y,,,,,,Y,Y,Y,Y,,,,,,Y,,,x,x,,x,x,x,x,x,x,x,x,x,x,x,x,x,x,x,x,x,x,x,x,x,x,x,x,x,x,x,x,x,x,x,x,x,x,x,x,x,x,x,x,x,x,x,x,x,x,x,x,x,x,x,x,x,x,x,x,x,x,x,x,x,x,x,x,x,x,x,x,x,x,x,x,x,x,x,x,x,x,x,x,x,x,x,x,x,x
LEMONS,,,y,,,,,,,,,,,,,,,,,,,,,,,,,,,,,,,,,,,,,,,,,,,,,y,,,,,,,,,,,,,,,,,,,,,,x,x,x,x,x,x,x,x,x,x,x,x,x,x,x,x,x,x,x,x,x,x,x,x,x,x,x,x,x,x,x,x,x,x,x,x,x,x,x,x,x,x,x,x,x,x,x,x,x,x,x,x,x,x,x,x,x,x,x,x,x,x,x,x,x,x,x,x,x,x,x,x,x,x,x,x,x,x,x,x,x,x,x,x,x,x
"LEMONS, MEYER",,,y,,,,,,,,,,,,,,,,,,,,,,,,,,,,,,,,,,,,,,,,,,,,,y,,,,,,,,,,,,,,,,,,,,,,x,x,x,x,x,x,x,x,x,x,x,x,x,x,x,x,x,x,x,x,x,x,x,x,x,x,x,x,x,x,x,x,x,x,x,x,x,x,x,x,x,x,x,x,x,x,x,x,x,x,x,x,x,x,x,x,x,x,x,x,x,x,x,x,x,x,x,x,x,x,x,x,x,x,x,x,x,x,x,x,x,x,x,x,x,x
"LIMES (e.g., JUICE, ZEST)",,,y,,,,,,,,,,,,,,,,,,,,,,,,,,,,,,,,,,,,,,,,,,,,,y,,,,,,,,,,,,,,,,,,,,,,,,,,x,x,x,x,x,x,x,x,x,x,x,x,x,x,x,x,x,x,x,x,x,x,x,x,x,x,x,x,x,x,x,x,x,x,x,x,x,x,x,x,x,x,x,x,x,x,x,x,x,x,x,x,x,x,x,x,x,x,x,x,x,x,x,x,x,x,x,x,x,x,x,x,x,x,x,x,x,x,x,x,x,x
MANGOES,,,y,,,,,,,,,,,Y,Y,,,,,y,y,y,y,,,,,y,,,,,,,,,,,Y,Y,,,,,,,,Y,Y,,,,,,Y,Y,Y,Y,,,,,,Y,,,Y,,,,,,,,x,x,x,x,x,x,x,x,x,x,x,x,x,x,x,x,x,x,x,x,x,x,x,x,x,x,x,x,x,x,x,x,x,x,x,x,x,x,x,x,x,x,x,x,x,x,x,x,x,x,x,x,x,x,x,x,x,x,x,x,x,x,x,x,x,x,x,x,x,x,x,x,x,x,x,x,x,x,x,x,x
"MELON, CANTALOUPE",,,y,,,,,,,,,,,Y,Y,,,,,Y,Y,Y,Y,,,,,Y,,,,,,,,,,,Y,Y,,,,,,,,Y,Y,,,,,,Y,Y,Y,Y,,,,,,Y,,,Y,,,,,,,,,x,x,x,x,x,x,x,x,x,x,x,x,x,x,x,x,x,x,x,x,x,x,x,x,x,x,x,x,x,x,x,x,x,x,x,x,x,x,x,x,x,x,x,x,x,x,x,x,x,x,x,x,x,x,x,x,x,x,x,x,x,x,x,x,x,x,x,x,x,x,x,x,x,x,x,x,x,x,x,x
"MELON, HONEYDEW",,,y,,,,,,,,,,,Y,Y,,,,,Y,Y,Y,Y,,,,,Y,,,,,,,,,,,Y,Y,,,,,,,,Y,Y,,,,,,Y,Y,Y,Y,,,,,,Y,,,Y,,,,,,,,,,x,x,x,x,x,x,x,x,x,x,x,x,x,x,x,x,x,x,x,x,x,x,x,x,x,x,x,x,x,x,x,x,x,x,x,x,x,x,x,x,x,x,x,x,x,x,x,x,x,x,x,x,x,x,x,x,x,x,x,x,x,x,x,x,x,x,x,x,x,x,x,x,x,x,x,x,x,x,x
"MELON, WINTER",,,y,,,,,,,,,,,Y,Y,,,,,Y,Y,Y,Y,,,,,Y,,,,,,,,,,,Y,Y,,,,,,,,Y,Y,,,,,,Y,Y,Y,Y,,,,,,Y,,,Y,,,,,,,,,,,x,x,x,x,x,x,x,x,x,x,x,x,x,x,x,x,x,x,x,x,x,x,x,x,x,x,x,x,x,x,x,x,x,x,x,x,x,x,x,x,x,x,x,x,x,x,x,x,x,x,x,x,x,x,x,x,x,x,x,x,x,x,x,x,x,x,x,x,x,x,x,x,x,x,x,x,x,x
NECTARINES (see also tips for PEACHES),,,y,,,,,,,,,,,Y,Y,,,,,Y,Y,Y,Y,,,,,Y,,,,,,,,,,,Y,Y,,,,,,,,Y,Y,,,,,,Y,Y,Y,Y,,,,,,Y,,,Y,,,,,,,,,,,Y,Y,,x,x,x,x,x,x,x,x,x,x,x,x,x,x,x,x,x,x,x,x,x,x,x,x,x,x,x,x,x,x,x,x,x,x,x,x,x,x,x,x,x,x,x,x,x,x,x,x,x,x,x,x,x,x,x,x,x,x,x,x,x,x,x,x,x,x,x,x,x,x,x,x,x,x,x
NUTRITIONAL YEAST (aka affectionately as NOOCH),y,,,,,Y,,,y,Y,,,Y,,,Y,Y,,,,,,,,,,,,,,,,,,,Y,,,,,,y,,,,,y,,,,,Y,,,,,,,Y,Y,,,Y,,Y,Y,,Y,Y,,,,Y,Y,Y,Y,Y,,,Y,,,x,x,x,x,x,x,x,x,x,x,x,x,x,x,x,x,x,x,x,x,x,x,x,x,x,x,x,x,x,x,x,x,x,x,x,x,x,x,x,x,x,x,x,x,x,x,x,x,x,x,x,x,x,x,x,x,x,x,x,x,x,x,x,x,x,x,x,x,x,x,x,x,x
"NUTS, BRAZIL",,,,,,,,,,,,,,,,,,,,,,,,,,,,,,,,,,,,,,,,,,,,,,,,,,,,,,,,,,,,,,,,,,,,,,,,,,,,,,,,,,,,x,x,x,x,x,x,x,x,x,x,x,x,x,x,x,x,x,x,x,x,x,x,x,x,x,x,x,x,x,x,x,x,x,x,x,x,x,x,x,x,x,x,x,x,x,x,x,x,x,x,x,x,x,x,x,x,x,x,x,x,x,x,x,x,x,x,x,x,x,x,x,x
"NUTS, MACADAMIA",,,,,,,,,,,,,,,,,,,,,,,,,,,,,,,,,,,,,,,,,,,,,,,,,,,,,,,,,,,,,,,,,,,,,,,,,,,,,,,,,,,,,x,x,x,x,x,x,x,x,x,x,x,x,x,x,x,x,x,x,x,x,x,x,x,x,x,x,x,x,x,x,x,x,x,x,x,x,x,x,x,x,x,x,x,x,x,x,x,x,x,x,x,x,x,x,x,x,x,x,x,x,x,x,x,x,x,x,x,x,x,x,x
"OIL, COCONUT",,,,,,,,,,,,,,,,,,,,,,,,,,,,,,,,,,,,,,,,,,,,,,,,,,,,,,,,,,,,,,,,,,,,,,,,,,,,,,,,,,,,,,x,x,x,x,x,x,x,x,x,x,x,x,x,x,x,x,x,x,x,x,x,x,x,x,x,x,x,x,x,x,x,x,x,x,x,x,x,x,x,x,x,x,x,x,x,x,x,x,x,x,x,x,x,x,x,x,x,x,x,x,x,x,x,x,x,x,x,x,x,x
"OIL, FLAXSEED",,,,,,,,,,,,,,,,,,,,,,,,,,,,,,,,,,,,,,,,,,,,,,,,,,,,,,,,,,,,,,,,,,,,,,,,,,,,,,,,,,,,,,,x,x,x,x,x,x,x,x,x,x,x,x,x,x,x,x,x,x,x,x,x,x,x,x,x,x,x,x,x,x,x,x,x,x,x,x,x,x,x,x,x,x,x,x,x,x,x,x,x,x,x,x,x,x,x,x,x,x,x,x,x,x,x,x,x,x,x,x,x
"OIL, OLIVE",,,,,,,,,,,,,,,,,,,,,,,,,,,,,,,,,,,,,,,,,,,,,,,,,,,,,,,,,,,,,,,,,,,,,,,,,,,,,,,,,,,,,,,,x,x,x,x,x,x,x,x,x,x,x,x,x,x,x,x,x,x,x,x,x,x,x,x,x,x,x,x,x,x,x,x,x,x,x,x,x,x,x,x,x,x,x,x,x,x,x,x,x,x,x,x,x,x,x,x,x,x,x,x,x,x,x,x,x,x,x,x
"OIL, SESAME",,,,,,,,,,,,,,,,,,,,,,,,,,,,,,,,,,,,,,,,,,,,,,,,,,,,,,,,,,,,,,,,,,,,,,,,,,,,,,,,,,,,,,,,,x,x,x,x,x,x,x,x,x,x,x,x,x,x,x,x,x,x,x,x,x,x,x,x,x,x,x,x,x,x,x,x,x,x,x,x,x,x,x,x,x,x,x,x,x,x,x,x,x,x,x,x,x,x,x,x,x,x,x,x,x,x,x,x,x,x,x
"ORANGES, BLOOD (see also ORANGES)",,,y,,,,,,,,,,,Y,Y,,,,,Y,Y,Y,Y,,,,,Y,,,,,,,,,,,Y,Y,,,,,,,,Y,Y,,,,,,Y,Y,Y,Y,,,,,,Y,,,Y,,,,,,,,,,,Y,Y,,Y,Y,,,,,,,Y,Y,Y,Y,Y,Y,Y,Y,Y,Y,x,x,x,x,x,x,x,x,x,x,x,x,x,x,x,x,x,x,x,x,x,x,x,x,x,x,x,x,x,x,x,x,x,x,x,x,x,x,x,x,x,x,x,x,x,x,x,x,x,x,x,x,x,x,x,x,x
"ORANGES, MANDARIN",,,y,,,,,,,,,,,Y,Y,,,,,Y,Y,Y,Y,,,,,Y,,,,,,,,,,,Y,Y,,,,,,,,Y,Y,,,,,,Y,Y,Y,Y,,,,,,Y,,,Y,,,,,,,,,,,Y,Y,,Y,Y,,,,,,,Y,Y,Y,Y,Y,Y,Y,Y,Y,Y,,x,x,x,x,x,x,x,x,x,x,x,x,x,x,x,x,x,x,x,x,x,x,x,x,x,x,x,x,x,x,x,x,x,x,x,x,x,x,x,x,x,x,x,x,x,x,x,x,x,x,x,x,x,x,x,x
"ORANGES, ORANGE JUICE, and ORANGE ZEST",,,y,,,,,,,,,,,Y,Y,,,,,Y,Y,Y,Y,,,,,Y,,,,,,,,,,,Y,Y,,,,,,,,Y,Y,,,,,,Y,Y,Y,Y,,,,,,Y,,,Y,,,,,,,,,,,Y,Y,,Y,Y,,,,,,,Y,Y,Y,Y,Y,Y,Y,Y,Y,Y,,,x,x,x,x,x,x,x,x,x,x,x,x,x,x,x,x,x,x,x,x,x,x,x,x,x,x,x,x,x,x,x,x,x,x,x,x,x,x,x,x,x,x,x,x,x,x,x,x,x,x,x,x,x,x,x
"PAPAYA (i.e., RED)",,,y,,,,,,,,,,,Y,Y,,,,,Y,Y,Y,Y,,,,,Y,,,,,,,,,,,Y,Y,,,,,,,,Y,Y,,,,,,Y,Y,Y,Y,,,,,,Y,,,Y,,,,,,,,,,,Y,Y,,Y,Y,,,,,,,Y,Y,Y,Y,Y,Y,Y,Y,Y,Y,,,,x,x,x,x,x,x,x,x,x,x,x,x,x,x,x,x,x,x,x,x,x,x,x,x,x,x,x,x,x,x,x,x,x,x,x,x,x,x,x,x,x,x,x,x,x,x,x,x,x,x,x,x,x,x
PASSION FRUIT,,,y,,,,,,,,,,,Y,Y,,,,,Y,Y,Y,Y,,,,,Y,,,,,,,,,,,Y,Y,,,,,,,,Y,Y,,,,,,Y,Y,Y,Y,,,,,,Y,,,Y,,,,,,,,,,,Y,Y,,Y,Y,,,,,,,Y,Y,Y,Y,Y,Y,Y,Y,Y,Y,,,,,x,x,x,x,x,x,x,x,x,x,x,x,x,x,x,x,x,x,x,x,x,x,x,x,x,x,x,x,x,x,x,x,x,x,x,x,x,x,x,x,x,x,x,x,x,x,x,x,x,x,x,x,x
PEACHES,,,y,,,,,,,,,,,Y,Y,,,,,Y,Y,Y,Y,,,,,Y,,,,,,,,,,,Y,Y,,,,,,,,Y,Y,,,,,,Y,Y,Y,Y,,,,,,Y,,,Y,,,,,,,,,,,Y,Y,,Y,Y,,,,,,,Y,Y,Y,Y,Y,Y,Y,Y,Y,Y,,,,,,x,x,x,x,x,x,x,x,x,x,x,x,x,x,x,x,x,x,x,x,x,x,x,x,x,x,x,x,x,x,x,x,x,x,x,x,x,x,x,x,x,x,x,x,x,x,x,x,x,x,x,x
PEANUTS and PEANUT BUTTER,,,,,,,,,,,,,,,,,,,,,,,,,,,,,,,,,,,,,,,,,,,,,,,,,,,,,,,,,,,,,,,,,,,,,,,,,,,,,,,,,,,,,,,,,,,,,,,,,,,,,,,,,x,x,x,x,x,x,x,x,x,x,x,x,x,x,x,x,x,x,x,x,x,x,x,x,x,x,x,x,x,x,x,x,x,x,x,x,x,x,x,x,x,x,x,x,x,x,x,x,x,x,x
PEARS—IN GENERAL,,,y,,,,,,,,,,,,Y,,,,,y,y,y,y,,,,,y,,,,,,,,,,,Y,Y,,,,,,,,Y,Y,,,,,,Y,Y,Y,Y,,,,,,Y,,,Y,,,,,,,,,,,Y,Y,,Y,Y,,,,,,,Y,Y,Y,Y,Y,Y,Y,Y,Y,Y,,,,,,,,x,x,x,x,x,x,x,x,x,x,x,x,x,x,x,x,x,x,x,x,x,x,x,x,x,x,x,x,x,x,x,x,x,x,x,x,x,x,x,x,x,x,x,x,x,x,x,x,x,x
PECANS,,,,,,,,,,,,,,,,,,,,,,,,,,,,,,,,,,,,,,,,,,,,,,,,,,,,,,,,,,,,,,,,,,,,,,,,,,,,,,,,,,,,,,,,,,,,,,,,,,,,,,,,,,,x,x,x,x,x,x,x,x,x,x,x,x,x,x,x,x,x,x,x,x,x,x,x,x,x,x,x,x,x,x,x,x,x,x,x,x,x,x,x,x,x,x,x,x,x,x,x,x,x
"PEPPER, BLACK",,,,,,,,,,,,,,,,,,,,,,,,,,,,,,,,,,,,,,,,,,,,,,,,,,,,,,,,,,,,,,,,,,,,,,,,,,,,,,,,,,,,,,,,,,,,,,,,,,,,,,,,,,,,x,x,x,x,x,x,x,x,x,x,x,x,x,x,x,x,x,x,x,x,x,x,x,x,x,x,x,x,x,x,x,x,x,x,x,x,x,x,x,x,x,x,x,x,x,x,x,x
"PEPPER, ESPELETTE",,,,,,,,,,,,,,,,,,,,,,,,,,,,,,,,,,,,,,,,,,,,,,,,,,,,,,,,,,,,,,,,,,,,,,,,,,,,,,,,,,,,,,,,,,,,,,,,,,,,,,,,,,,,,x,x,x,x,x,x,x,x,x,x,x,x,x,x,x,x,x,x,x,x,x,x,x,x,x,x,x,x,x,x,x,x,x,x,x,x,x,x,x,x,x,x,x,x,x,x,x
"PEPPER, SZECHUAN",,,,,,,,,,,,,,,,,,,,,,,,,,,,,,,,,,,,,,,,,,,,,,,,,,,,,,,,,,,,,,,,,,,,,,,,,,,,,,,,,,,,,,,,,,,,,,,,,,,,,,,,,,,,,,x,x,x,x,x,x,x,x,x,x,x,x,x,x,x,x,x,x,x,x,x,x,x,x,x,x,x,x,x,x,x,x,x,x,x,x,x,x,x,x,x,x,x,x,x,x
"PEPPER, WHITE",,,,,,,,,,,,,,,,,,,,,,,,,,,,,,,,,,,,,,,,,,,,,,,,,,,,,,,,,,,,,,,,,,,,,,,,,,,,,,,,,,,,,,,,,,,,,,,,,,,,,,,,,,,,,,,x,x,x,x,x,x,x,x,x,x,x,x,x,x,x,x,x,x,x,x,x,x,x,x,x,x,x,x,x,x,x,x,x,x,x,x,x,x,x,x,x,x,x,x,x
PINE NUTS (aka PIGNOLI),,,,,,,,,,,,,,,,,,,,,,,,,,,,,,,,,,,,,,,,,,,,,,,,,,,,,,,,,,,,,,,,,,,,,,,,,,,,,,,,,,,,,,,,,,,,,,,,,,,,,,,,,,,,,,,,x,x,x,x,x,x,x,x,x,x,x,x,x,x,x,x,x,x,x,x,x,x,x,x,x,x,x,x,x,x,x,x,x,x,x,x,x,x,x,x,x,x,x,x
PINEAPPLE,,,y,,,,,,,,,,,Y,y,,,,,Y,Y,Y,Y,,,,,Y,,,,,,,,,,,Y,Y,,,,,,,,Y,Y,,,,,,Y,Y,Y,Y,,,,,,Y,,,Y,,,,,,,,,,,Y,Y,,Y,Y,,,,,,,Y,Y,Y,Y,Y,Y,Y,Y,Y,Y,,,,,,,,,,,,,,,x,x,x,x,x,x,x,x,x,x,x,x,x,x,x,x,x,x,x,x,x,x,x,x,x,x,x,x,x,x,x,x,x,x,x,x,x,x,x,x,x,x,x
PISTACHIOS,,,,,,,,,,,,,,,,,,,,,,,,,,,,,,,,,,,,,,,,,,,,,,,,,,,,,,,,,,,,,,,,,,,,,,,,,,,,,,,,,,,,,,,,,,,,,,,,,,,,,,,,,,,,,,,,,,x,x,x,x,x,x,x,x,x,x,x,x,x,x,x,x,x,x,x,x,x,x,x,x,x,x,x,x,x,x,x,x,x,x,x,x,x,x,x,x,x,x
PLUMS,,,y,,,,,,,,,,,y,y,,,,,y,y,y,y,,,,,y,,,,,,,,,,,,,,,,,,,,y,,,,,,,,,,,,,,,,y,,,,,,,,,,,,,,y,y,,Y,y,,,,,,,y,y,y,y,,,,,,,,,,,,,,,,,,,,,,,x,x,x,x,x,x,x,x,x,x,x,x,x,x,x,x,x,x,x,x,x,x,x,x,x,x,x,x,x,x,x,x,x,x,x,x,x,x,x,x,x
POMEGRANATES and POMEGRANATE JUICE (see also POMEGRANATE MOLASSES),,,y,,,,,,,,,,,,y,,,,,y,y,y,y,,,,,y,,,,,,,,,,,Y,Y,,,,,,,,y,Y,,,,,,Y,Y,Y,Y,,,,,,y,,,Y,,,,,,,,,,,y,y,,y,y,,,,,,,y,y,y,y,Y,Y,Y,Y,Y,Y,,,,,,,,,,,,,,,,,,x,x,x,x,x,x,x,x,x,x,x,x,x,x,x,x,x,x,x,x,x,x,x,x,x,x,x,x,x,x,x,x,x,x,x,x,x,x,x,x
RAISINS,,,y,,,,,,,,,,,,,,,,,,,,,,,,,,,,,,,,,,,,,,,,,,,,,,,,,,,,,,,,,,,,,y,,,,,,,,,,,,,,,,,y,,,,,,,,,,,,,,,,,,,,,,,,,,,,,,,,,,,,,x,x,x,x,x,x,x,x,x,x,x,x,x,x,x,x,x,x,x,x,x,x,x,x,x,x,x,x,x,x,x,x,x,x,x,x,x,x
RASPBERRIES,,,y,,,,,,,,,,,Y,Y,,,,,Y,Y,Y,Y,,,,,Y,,,,,,,,,,,Y,Y,,,,,,,,Y,Y,,,,,,Y,Y,Y,Y,,,,,,y,,,Y,,,,,,,,,,,Y,Y,,Y,Y,,,,,,,Y,Y,Y,Y,Y,Y,Y,Y,Y,Y,,,,,,,,,,,,,,,,,,,,,x,x,x,x,x,x,x,x,x,x,x,x,x,x,x,x,x,x,x,x,x,x,x,x,x,x,x,x,x,x,x,x,x,x,x,x,x
"SALT, BLACK",,,,,,,,,,,,,,,,,,,,,,,,,,,,,,,,,,,,,,,,,,,,,,,,,,,,,,,,,,,,,,,,,,,,,,,,,,,,,,,,,,,,,,,,,,,,,,,,,,,,,,,,,,,,,,,,,,,,,,,,x,x,x,x,x,x,x,x,x,x,x,x,x,x,x,x,x,x,x,x,x,x,x,x,x,x,x,x,x,x,x,x,x,x,x,x
"SALT, HIMALAYAN",,,,,,,,,,,,,,,,,,,,,,,,,,,,,,,,,,,,,,,,,,,,,,,,,,,,,,,,,,,,,,,,,,,,,,,,,,,,,,,,,,,,,,,,,,,,,,,,,,,,,,,,,,,,,,,,,,,,,,,,,x,x,x,x,x,x,x,x,x,x,x,x,x,x,x,x,x,x,x,x,x,x,x,x,x,x,x,x,x,x,x,x,x,x,x
"SALT, KOSHER",,,,,,,,,,,,,,,,,,,,,,,,,,,,,,,,,,,,,,,,,,,,,,,,,,,,,,,,,,,,,,,,,,,,,,,,,,,,,,,,,,,,,,,,,,,,,,,,,,,,,,,,,,,,,,,,,,,,,,,,,,x,x,x,x,x,x,x,x,x,x,x,x,x,x,x,x,x,x,x,x,x,x,x,x,x,x,x,x,x,x,x,x,x,x
"SALT, SEA",,,,,,,,,,,,,,,,,,,,,,,,,,,,,,,,,,,,,,,,,,,,,,,,,,,,,,,,,,,,,,,,,,,,,,,,,,,,,,,,,,,,,,,,,,,,,,,,,,,,,,,,,,,,,,,,,,,,,,,,,,,x,x,x,x,x,x,x,x,x,x,x,x,x,x,x,x,x,x,x,x,x,x,x,x,x,x,x,x,x,x,x,x,x
"SALT, SMOKED",,,,,,,,,,,,,,,,,,,,,,,,,,,,,,,,,,,,,,,,,,,,,,,,,,,,,,,,,,,,,,,,,,,,,,,,,,,,,,,,,,,,,,,,,,,,,,,,,,,,,,,,,,,,,,,,,,,,,,,,,,,,x,x,x,x,x,x,x,x,x,x,x,x,x,x,x,x,x,x,x,x,x,x,x,x,x,x,x,x,x,x,x,x
"SALT, TRUFFLE",,,,,,,,,,,,,,,,,,,,,,,,,,,,,,,,,,,,,,,,,,,,,,,,,,,,,,,,,,,,,,,,,,,,,,,,,,,,,,,,,,,,,,,,,,,,,,,,,,,,,,,,,,,,,,,,,,,,,,,,,,,,,x,x,x,x,x,x,x,x,x,x,x,x,x,x,x,x,x,x,x,x,x,x,x,x,x,x,x,x,x,x,x
"SEEDS, HEMP",,,,,,,,,,,,,,,,,,,,,,,,,,,,,,,,,,,,,,,,,,,,,,,,,,,,,,,,,,,,,,,,,,,,,,,,,,,,,,,,,,,,,,,,,,,,,,,,,,,,,,,,,,,,,,,,,,,,,,,,,,,,,,,x,x,x,x,x,x,x,x,x,x,x,x,x,x,x,x,x,x,x,x,x,x,x,x,x,x,x,x,x
"SEEDS, PUMPKIN",,,,,,,,,,,,,,,,,,,,,,,,,,,,,,,,,,,,,,,,,,,,,,,,,,,,,,,,,,,,,,,,,,,,,,,,,,,,,,,,,,,,,,,,,,,,,,,,,,,,,,,,,,,,,,,,,,,,,,,,,,,,,,,,x,x,x,x,x,x,x,x,x,x,x,x,x,x,x,x,x,x,x,x,x,x,x,x,x,x,x,x
"SEEDS, SUNFLOWER",,,,,,,,,,,,,,,,,,,,,,,,,,,,,,,,,,,,,,,,,,,,,,,,,,,,,,,,,,,,,,,,,,,,,,,,,,,,,,,,,,,,,,,,,,,,,,,,,,,,,,,,,,,,,,,,,,,,,,,,,,,,,,,,,x,x,x,x,x,x,x,x,x,x,x,x,x,x,x,x,x,x,x,x,x,x,x,x,x,x,x
"SPROUTS, SUNFLOWER SEED",,,,,,,,,,,,,,,,,,,,,,,,,,,,,,,,,,,,,,,,,,,,,,,,,,,,,,,,,,,,,,,,,,,,,,,,,,,,,,,,,,,,,,,,,,,,,,,,,,,,,,,,,,,,,,,,,,,,,,,,,,,,,,,,,,,,,,,,,,,,,x,x,x,x,x,x,x,x,x,x,x,x,x,x,x
STAR FRUIT (aka CARAMBOLA),,,y,,,,,,,,,,,Y,Y,,,,,Y,Y,Y,Y,,,,,Y,,,,,,,,,,,Y,Y,,,,,,,,Y,Y,,,,,,Y,Y,Y,Y,,,,,,Y,,,Y,,,,,,,,,,,Y,Y,,Y,Y,,,,,,,Y,Y,Y,Y,Y,Y,Y,Y,Y,Y,,,,,,,,,,,,,,,,,,,,,,,,,,,Y,,,,Y,,,,,,,,,,,,,x,x,x,x,x,x,x,x,x,x,x,x,x,x
STRAWBERRIES,,,y,,,,,,,,,,,y,Y,,,,,Y,Y,Y,Y,,,,,Y,,,,,,,,,,,Y,Y,,,,,,,,Y,Y,,,,,,Y,Y,Y,Y,,,,,,Y,,,Y,,,,,,,,,,,Y,Y,,Y,Y,,,,,,,Y,Y,Y,Y,Y,Y,Y,Y,Y,Y,,,,,,,,,,,,,,,,,,,,,,,,,,,Y,,,,Y,,,,,,,,,,,,,,x,x,x,x,x,x,x,x,x,x,x,x,x
"VINEGAR, APPLE CIDER (aka VINEGAR, CIDER)",,,,,,,,,,,,,,,,,,,,,,,,,,,,,,,,,,,,,,,,,,,,,,,,,,,,,,,,,,,,,,,,,,,,,,,,,,,,,,,,,,,,,,,,,,,,,,,,,,,,,,,,,,,,,,,,,,,,,,,,,,,,,,,,,,,,,,,,,,,,,,,,,,,x,x,x,x,x,x,x,x,x
"VINEGAR, BALSAMIC",,,,,,,,,,,,,,,,,,,,,,,,,,,,,,,,,,,,,,,,,,,,,,,,,,,,,,,,,,,,,,,,,,,,,,,,,,,,,,,,,,,,,,,,,,,,,,,,,,,,,,,,,,,,,,,,,,,,,,,,,,,,,,,,,,,,,,,,,,,,,,,,,,,,x,x,x,x,x,x,x,x
"VINEGAR, BROWN RICE (aka CHINESE BLACK VINEGAR)",,,,,,,,,,,,,,,,,,,,,,,,,,,,,,,,,,,,,,,,,,,,,,,,,,,,,,,,,,,,,,,,,,,,,,,,,,,,,,,,,,,,,,,,,,,,,,,,,,,,,,,,,,,,,,,,,,,,,,,,,,,,,,,,,,,,,,,,,,,,,,,,,,,,,x,x,x,x,x,x,x
"VINEGAR, RED WINE (see also VINEGAR, WINE–IN GENERAL)",,,,,,,,,,,,,,,,,,,,,,,,,,,,,,,,,,,,,,,,,,,,,,,,,,,,,,,,,,,,,,,,,,,,,,,,,,,,,,,,,,,,,,,,,,,,,,,,,,,,,,,,,,,,,,,,,,,,,,,,,,,,,,,,,,,,,,,,,,,,,,,,,,,,,,x,x,x,x,x,x
"VINEGAR, RICE (WINE)",,,,,,,,,,,,,,,,,,,,,,,,,,,,,,,,,,,,,,,,,,,,,,,,,,,,,,,,,,,,,,,,,,,,,,,,,,,,,,,,,,,,,,,,,,,,,,,,,,,,,,,,,,,,,,,,,,,,,,,,,,,,,,,,,,,,,,,,,,,,,,,,,,,,,,,x,x,x,x,x
"VINEGAR, SHERRY",,,,,,,,,,,,,,,,,,,,,,,,,,,,,,,,,,,,,,,,,,,,,,,,,,,,,,,,,,,,,,,,,,,,,,,,,,,,,,,,,,,,,,,,,,,,,,,,,,,,,,,,,,,,,,,,,,,,,,,,,,,,,,,,,,,,,,,,,,,,,,,,,,,,,,,,x,x,x,x
"VINEGAR, WINE—IN GENERAL",,,,,,,,,,,,,,,,,,,,,,,,,,,,,,,,,,,,,,,,,,,,,,,,,,,,,,,,,,,,,,,,,,,,,,,,,,,,,,,,,,,,,,,,,,,,,,,,,,,,,,,,,,,,,,,,,,,,,,,,,,,,,,,,,,,,,,,,,,,,,,,,,,,,,,,,,x,x,x
WALNUTS,,,,,,,,,,,,,,,,,,,,,,,,,,,,,,,,,,,,,,,,,,,,,,,,,,,,,,,,,,,,,,,,,,,,,,,,,,,,,,,,,,,,,,,,,,,,,,,,,,,,,,,,,,,,,,,,,,,,,,,,,,,,,,,,,,,,,,,,,,,,,,,,,,,,,,,,,,x,x
WATERMELON,,,y,,,,,,,,,,,Y,Y,,,,,Y,Y,Y,Y,,,,,Y,,,,,,,,,,,Y,Y,,,,,,,,Y,Y,,,,,,Y,Y,Y,Y,,,,,,Y,,,Y,,,,,,,,,,,Y,Y,,Y,Y,,,,,,,Y,Y,Y,Y,Y,Y,Y,Y,Y,Y,,,,,,,,,,,,,,,,,,,,,,,,,,,Y,,,,Y,,,,,,,,,,,,,,,Y,Y,,,,,,,,,,x